id|name|lastName|birthDate
1|Laith|Charity|12/06/2020
2|Vladimir|Xena|17/08/2019
3|Amal|Charity|18/10/2020
4|Ulric|Aquila|13/04/2020
5|Armando|Sonya|26/04/2020
6|Wade|Reuben|08/02/2020
7|Tucker|Curran|08/09/2020
8|Sawyer|Candice|13/09/2019
9|Salvador|Callum|10/06/2020
10|Kareem|Hollee|20/02/2020
11|Lane|Celeste|12/07/2019
12|Stewart|Yoko|18/06/2019
13|Oren|Carly|27/07/2019
14|Neville|Veda|22/03/2021
15|Arden|Macey|09/10/2019
16|Chester|Ciara|09/10/2020
17|Marvin|Selma|07/04/2020
18|Clarke|Barbara|02/11/2019
19|Beau|Shoshana|17/06/2020
20|Dexter|Ferdinand|27/04/2020
21|Keefe|Phyllis|28/12/2020
22|Maxwell|Iona|20/02/2020
23|Ryan|Nerea|17/06/2019
24|Preston|Laura|11/06/2019
25|Quinn|Brady|18/08/2019
26|Aladdin|Kaye|17/01/2021
27|Judah|Plato|14/06/2020
28|Kirk|Yetta|03/07/2020
29|Fritz|Gretchen|23/04/2020
30|Felix|Ifeoma|22/07/2019
31|Griffin|Summer|26/03/2021
32|Aristotle|Iola|23/11/2020
33|Lars|Berk|31/08/2020
34|Noble|Keefe|15/01/2020
35|Bradley|Darrel|05/08/2019
36|Matthew|Tatum|27/10/2020
37|Thane|Ori|28/11/2019
38|Tarik|Kirk|03/10/2019
39|Zeph|Cameron|01/05/2020
40|Dominic|August|16/12/2020
41|Gage|Margaret|14/02/2021
42|Harper|Lenore|05/02/2020
43|Chaim|Jemima|15/02/2020
44|Scott|Ina|20/08/2020
45|Flynn|Hiroko|30/06/2020
46|Tad|Justin|08/05/2020
47|Hoyt|Kelsie|19/10/2019
48|Tyrone|Madaline|29/01/2020
49|Scott|Kimberley|14/11/2019
50|Dieter|Indira|23/12/2019
51|Todd|Veronica|01/02/2021
52|Mannix|Amela|07/03/2021
53|Laith|Harlan|19/07/2020
54|Louis|Kitra|03/03/2021
55|Asher|Bertha|13/07/2020
56|Kato|Yardley|18/04/2020
57|Talon|Rinah|13/12/2019
58|Stone|Iona|27/04/2019
59|Noah|Xerxes|23/02/2020
60|Jonah|Cecilia|20/06/2019
61|Maxwell|Emily|28/04/2019
62|Lee|Diana|23/06/2020
63|Rafael|Callie|04/02/2020
64|Baker|Jamalia|08/09/2019
65|Keaton|Candace|01/06/2019
66|Beau|Adara|03/01/2020
67|Isaac|Karly|02/10/2020
68|Chandler|Prescott|27/09/2020
69|Vernon|Rachel|27/06/2020
70|Price|Burke|19/06/2020
71|Linus|Mannix|06/12/2020
72|Dexter|Carter|26/01/2020
73|Harrison|Brock|23/05/2020
74|Jacob|Carson|30/03/2019
75|Devin|Zenaida|16/02/2020
76|Wade|Mikayla|30/08/2019
77|Dean|Patience|20/09/2020
78|Beau|Jeremy|04/03/2021
79|Leroy|Ali|02/10/2019
80|Joshua|Ignatius|05/12/2020
81|Jarrod|Cora|18/01/2021
82|Martin|Cruz|03/10/2020
83|Hiram|Audra|11/10/2019
84|Jerome|Richard|16/11/2019
85|Tanek|Hilary|23/09/2019
86|Gary|Murphy|19/08/2019
87|Rafael|Lucius|22/10/2020
88|Colt|Alyssa|13/09/2019
89|Jeremy|Kaden|26/03/2021
90|Jonas|Malik|06/02/2021
91|Gregory|Jeanette|01/07/2019
92|Ezekiel|Gail|11/04/2019
93|Giacomo|Keely|07/11/2019
94|Gabriel|Hadassah|21/12/2019
95|Hashim|Marah|21/01/2021
96|Dominic|Thomas|09/04/2019
97|Rooney|Briar|23/10/2019
98|Dieter|Jolene|08/05/2020
99|Bruce|Peter|21/07/2020
100|Brendan|Brandon|15/09/2020